Season,Episode,WrittenBy,Scene,Character,Dialogue,IsChorusLine,IsMainCharacter,Location_raw,Location,WordCount,EpisodeLabel
,,Unknown,"[Scene: Central Perk, the cast of Friends along with Conan O'Brien are sitting and talking.]",conan,"It's a tradition here on Friends after every taping for me to hang out with you guys, (They all laugh) talk down the episode umm The point of this whole thing is what people see in America is: they see Friends, they love the show, it looks like a smooth running machine, but behind the scenes there's deceit, mistrust, and hate. And I thought, I thought we'd actually take a look at uh, y'know some of these moments where you guys arethere are mistakes. You make mistakes.",False,False,Central Perk,Central Perk,87,Unknown
,,Unknown,"[Scene: Central Perk, the cast of Friends along with Conan O'Brien are sitting and talking.]",jennifer,Once and a while.,False,False,Central Perk,Central Perk,4,Unknown
,,Unknown,"[Scene: Central Perk, the cast of Friends along with Conan O'Brien are sitting and talking.]",lisa,From time to time.,False,False,Central Perk,Central Perk,4,Unknown
,,Unknown,"[Scene: Central Perk, the cast of Friends along with Conan O'Brien are sitting and talking.]",conan,"For example, I don't have to memorize lines. You guys actually have to remember what to say and you probably forget from time to time. Yes?",False,False,Central Perk,Central Perk,26,Unknown
,,Unknown,"[Scene: Central Perk, the cast of Friends along with Conan O'Brien are sitting and talking.]",matthew,"Our energy just comes way up when there's an audience here and when that happens, something happens between your brain and your mouth sometimes and it just doesn't, it just doesn't work.",False,False,Central Perk,Central Perk,32,Unknown
,,Unknown,"[Scene: Central Perk, the cast of Friends along with Conan O'Brien are sitting and talking.]",ross,"Uh, oh-oh, umm no you didn't. I did.",False,True,Central Perk,Central Perk,8,Unknown
,,Unknown,"[Scene: Central Perk, the cast of Friends along with Conan O'Brien are sitting and talking.]",chandler,"Oh uh-uh, no-no-no-no-uh-uh. (He starts laughing, causing everyone else to laugh.)",False,True,Central Perk,Central Perk,11,Unknown
,,Unknown,"[Scene: Central Perk, the cast of Friends along with Conan O'Brien are sitting and talking.]",phoebe,"So, we realize thatOh no (She resets herself) I'm telling it! I'm telling it (She loses it.)",False,True,Central Perk,Central Perk,17,Unknown
,,Unknown,"[Scene: Central Perk, the cast of Friends along with Conan O'Brien are sitting and talking.]",joey,"Ha-ha. LookCome on, I don't know what to door say. (He laughs.)",False,True,Central Perk,Central Perk,13,Unknown
,,Unknown,"[Scene: Central Perk, the cast of Friends along with Conan O'Brien are sitting and talking.]",joey,"Ha-ha, very funny. I don't know what to do! Y'know? Holy crud!",False,True,Central Perk,Central Perk,12,Unknown
,,Unknown,"[Scene: Central Perk, the cast of Friends along with Conan O'Brien are sitting and talking.]",joey,"Ha-ha-ha, very funny. Look, I don't know what to do! (Long pause, as everyone cracks up.)",False,True,Central Perk,Central Perk,16,Unknown
,,Unknown,"[Scene: Central Perk, the cast of Friends along with Conan O'Brien are sitting and talking.]",courtney,It is one of those days!,False,False,Central Perk,Central Perk,6,Unknown
,,Unknown,"[Scene: Central Perk, the cast of Friends along with Conan O'Brien are sitting and talking.]",phoebe,"Xcusa seniora, voulez-bere quakay[Beep]uck it!",False,True,Central Perk,Central Perk,5,Unknown
,,Unknown,"[Scene: Central Perk, the cast of Friends along with Conan O'Brien are sitting and talking.]",matt,"Wow Pheebs, you-you speak gutter?",False,False,Central Perk,Central Perk,5,Unknown
,,Unknown,"[Scene: Central Perk, the cast of Friends along with Conan O'Brien are sitting and talking.]",conan,You still get nervous everybody just before a show?,False,False,Central Perk,Central Perk,9,Unknown
,,Unknown,"[Scene: Central Perk, the cast of Friends along with Conan O'Brien are sitting and talking.]",matthew,Absolutely.,False,False,Central Perk,Central Perk,1,Unknown
,,Unknown,"[Scene: Central Perk, the cast of Friends along with Conan O'Brien are sitting and talking.]",lisa,Everybody.,False,False,Central Perk,Central Perk,1,Unknown
,,Unknown,"[Scene: Central Perk, the cast of Friends along with Conan O'Brien are sitting and talking.]",courtney,"It's amazing like all week long we've-we've been saying the same lines and then the audience is here and we will mess up, and if you mess up once, then you'll get nervous because you'llyou know you'll probably mess up again.",False,False,Central Perk,Central Perk,41,Unknown
,,Unknown,"[Scene: Central Perk, the cast of Friends along with Conan O'Brien are sitting and talking.]",monica,(holding her hand in front of her face) When you were little you slept through-through the Grand Canyon.,False,True,Central Perk,Central Perk,18,Unknown
,,Unknown,"[Scene: Central Perk, the cast of Friends along with Conan O'Brien are sitting and talking.]",courtney,This'll be five/ten takes.,False,False,Central Perk,Central Perk,4,Unknown
,,Unknown,"[Scene: Central Perk, the cast of Friends along with Conan O'Brien are sitting and talking.]",courtney,Okay. You know it's gonna happen.,False,False,Central Perk,Central Perk,6,Unknown
,,Unknown,"[Scene: Central Perk, the cast of Friends along with Conan O'Brien are sitting and talking.]",monica,(the hand's still there) When-when you were little you slept through the Grand Canyon. (She actually itches her nose this time.),False,True,Central Perk,Central Perk,21,Unknown
,,Unknown,"[Scene: Central Perk, the cast of Friends along with Conan O'Brien are sitting and talking.]",courtney,Oh! Okay! I'm gonna try it without the coffee cup cause I think it's the left hand that's messing me up.,False,False,Central Perk,Central Perk,21,Unknown
,,Unknown,"[Scene: Central Perk, the cast of Friends along with Conan O'Brien are sitting and talking.]",monica,When you were little you slept through the Grand(Pointing again)Oh fffff.,False,True,Central Perk,Central Perk,12,Unknown
,,Unknown,"[Scene: Central Perk, the cast of Friends along with Conan O'Brien are sitting and talking.]",monica,"Sorry, let's go back! Cause you've got more to say.",False,True,Central Perk,Central Perk,10,Unknown
,,Unknown,"[Scene: Central Perk, the cast of Friends along with Conan O'Brien are sitting and talking.]",lisa,"Do I? Absolutely. Absolutely. Yeah, that's your fault. Isay.",False,False,Central Perk,Central Perk,10,Unknown
,,Unknown,"[Scene: Central Perk, the cast of Friends along with Conan O'Brien are sitting and talking.]",lisa,I love you.,False,False,Central Perk,Central Perk,3,Unknown
,,Unknown,"[Scene: Central Perk, the cast of Friends along with Conan O'Brien are sitting and talking.]",courtney,I love you! (They hug.),False,False,Central Perk,Central Perk,5,Unknown
,,Unknown,"[Scene: Central Perk, the cast of Friends along with Conan O'Brien are sitting and talking.]",conan,"But there must be, there mustare a lot of moments over the years where you're just trying to do your job, something goes wrong.",False,False,Central Perk,Central Perk,24,Unknown
,,Unknown,"[Scene: Central Perk, the cast of Friends along with Conan O'Brien are sitting and talking.]",joey,"Hey and, this is a little extra something for y'know, always being there for me.",False,True,Central Perk,Central Perk,15,Unknown
,,Unknown,"[Scene: Central Perk, the cast of Friends along with Conan O'Brien are sitting and talking.]",matthew,Hey Joey! The camera hit our wall!,False,False,Central Perk,Central Perk,7,Unknown
,,Unknown,"[Scene: Central Perk, the cast of Friends along with Conan O'Brien are sitting and talking.]",matt,What?!,False,False,Central Perk,Central Perk,1,Unknown
,,Unknown,"[Scene: Central Perk, the cast of Friends along with Conan O'Brien are sitting and talking.]",david,Ahh! Sh(Beep)it that hurt!,False,False,Central Perk,Central Perk,4,Unknown
,,Unknown,"[Scene: Central Perk, the cast of Friends along with Conan O'Brien are sitting and talking.]",jennifer,Are you okay?,False,False,Central Perk,Central Perk,3,Unknown
,,Unknown,"[Scene: Central Perk, the cast of Friends along with Conan O'Brien are sitting and talking.]",chandler,Hey Rach! (She breaks up and goes back into Monica's.),False,True,Central Perk,Central Perk,10,Unknown
,,Unknown,"[Scene: Central Perk, the cast of Friends along with Conan O'Brien are sitting and talking.]",joey,Oh yeah? Then how come I keep(He notices that the marker board they use has been left on the entertainment center and holds up his discovery.),False,True,Central Perk,Central Perk,26,Unknown
,,Unknown,"[Scene: Central Perk, the cast of Friends along with Conan O'Brien are sitting and talking.]",monica,It was so wild! We told em we were the Gunderson's in 16,False,True,Central Perk,Central Perk,13,Unknown
,,Unknown,"[Scene: Central Perk, the cast of Friends along with Conan O'Brien are sitting and talking.]",courtney,(laughing) I spit on her!,False,False,Central Perk,Central Perk,5,Unknown
,,Unknown,"[Scene: Central Perk, the cast of Friends along with Conan O'Brien are sitting and talking.]",jennifer,(to Lisa) Operation. You had a fun one.,False,False,Central Perk,Central Perk,8,Unknown
,,Unknown,"[Scene: Central Perk, the cast of Friends along with Conan O'Brien are sitting and talking.]",lisa,Oh yeah!,False,False,Central Perk,Central Perk,2,Unknown
,,Unknown,"[Scene: Central Perk, the cast of Friends along with Conan O'Brien are sitting and talking.]",jennifer,With Operation.,False,False,Central Perk,Central Perk,2,Unknown
,,Unknown,"[Scene: Central Perk, the cast of Friends along with Conan O'Brien are sitting and talking.]",conan,"It was a little game. Yeah, with an electric buzzer.",False,False,Central Perk,Central Perk,10,Unknown
,,Unknown,"[Scene: Central Perk, the cast of Friends along with Conan O'Brien are sitting and talking.]",phoebe,"Oh-ooh, and I brought Operation, but umm I lost the umm (It starts buzzing) It's making a noise.",False,True,Central Perk,Central Perk,18,Unknown
,,Unknown,"[Scene: Central Perk, the cast of Friends along with Conan O'Brien are sitting and talking.]",lisa,But le Blanc really doesn't mess up much.,False,False,Central Perk,Central Perk,8,Unknown
,,Unknown,"[Scene: Central Perk, the cast of Friends along with Conan O'Brien are sitting and talking.]",conan,"You don't verbally mess up, but sometimes physically? You mess up.",False,False,Central Perk,Central Perk,11,Unknown
,,Unknown,"[Scene: Central Perk, the cast of Friends along with Conan O'Brien are sitting and talking.]",matt,I have had some clumsy moments I guess you can call em.,False,False,Central Perk,Central Perk,12,Unknown
,,Unknown,"[Scene: Central Perk, the cast of Friends along with Conan O'Brien are sitting and talking.]",lisa,He fell down once! And we re-did it and we went back. And he(laughs)he was afraid he was gonna fall down,False,False,Central Perk,Central Perk,21,Unknown
,,Unknown,"[Scene: Central Perk, the cast of Friends along with Conan O'Brien are sitting and talking.]",conan,You could actually see him trying not to fall down.,False,False,Central Perk,Central Perk,10,Unknown
,,Unknown,"[Scene: Central Perk, the cast of Friends along with Conan O'Brien are sitting and talking.]",joey,Pheebs! (He looks down as he goes down the step to make sure he didn't fall again.) Check it out! (He starts laughing when he realized what he did.),False,True,Central Perk,Central Perk,29,Unknown
,,Unknown,"[Scene: Central Perk, the cast of Friends along with Conan O'Brien are sitting and talking.]",courtney,"This particular time when he continued to fall or y'know, try not to fall, I was in the room with Matthew and Matthew was like, ""Should I do it?""",False,False,Central Perk,Central Perk,29,Unknown
,,Unknown,"[Scene: Central Perk, the cast of Friends along with Conan O'Brien are sitting and talking.]",joey,Pheebs! Check it out! Check it out! Check it out! Check it out! (Hands her one.),False,True,Central Perk,Central Perk,16,Unknown
,,Unknown,"[Scene: Central Perk, the cast of Friends along with Conan O'Brien are sitting and talking.]",phoebe,"Ooh, Soap Opera Digest!",False,True,Central Perk,Central Perk,4,Unknown
,,Unknown,"[Scene: Central Perk, the cast of Friends along with Conan O'Brien are sitting and talking.]",conan,"Matthew, you have a reputation with the rest of the cast that sometimes you like to, you like to fool around a bit. I mean like if something's naturally going wrong you like to get in there and juice it a little bit. True or false?",False,False,Central Perk,Central Perk,46,Unknown
,,Unknown,"[Scene: Central Perk, the cast of Friends along with Conan O'Brien are sitting and talking.]",matthew,I don't necessarily like to juice things,False,False,Central Perk,Central Perk,7,Unknown
,,Unknown,"[Scene: Central Perk, the cast of Friends along with Conan O'Brien are sitting and talking.]",courtney,He said true or false!,False,False,Central Perk,Central Perk,5,Unknown
,,Unknown,"[Scene: Central Perk, the cast of Friends along with Conan O'Brien are sitting and talking.]",joey,Oh! Ooh-ooh!,False,True,Central Perk,Central Perk,2,Unknown
,,Unknown,"[Scene: Central Perk, the cast of Friends along with Conan O'Brien are sitting and talking.]",monica,What are you doing?!,False,True,Central Perk,Central Perk,4,Unknown
,,Unknown,"[Scene: Central Perk, the cast of Friends along with Conan O'Brien are sitting and talking.]",joey,You're still a tiny bit on fire there.,False,True,Central Perk,Central Perk,8,Unknown
,,Unknown,"[Scene: Central Perk, the cast of Friends along with Conan O'Brien are sitting and talking.]",monica,Oh geez! Okay! Thanks!,False,True,Central Perk,Central Perk,4,Unknown
,,Unknown,"[Scene: Central Perk, the cast of Friends along with Conan O'Brien are sitting and talking.]",richard,It was great seeing you the other night.,False,False,Central Perk,Central Perk,8,Unknown
,,Unknown,"[Scene: Central Perk, the cast of Friends along with Conan O'Brien are sitting and talking.]",monica,"Well, it was good to see you too. Did you come down here to tell me that?",False,True,Central Perk,Central Perk,17,Unknown
,,Unknown,"[Scene: Central Perk, the cast of Friends along with Conan O'Brien are sitting and talking.]",richard,Noo! I came down here to tell you something else. I came here to tell you I still love you.,False,False,Central Perk,Central Perk,20,Unknown
,,Unknown,"[Scene: Central Perk, the cast of Friends along with Conan O'Brien are sitting and talking.]",chandler,What the fu(beep)ck are you doing?!,False,True,Central Perk,Central Perk,6,Unknown
,,Unknown,"[Scene: Central Perk, the cast of Friends along with Conan O'Brien are sitting and talking.]",conan,Now you guys work with animals a lot. You had to work early on with a monkey,False,False,Central Perk,Central Perk,17,Unknown
,,Unknown,"[Scene: Central Perk, the cast of Friends along with Conan O'Brien are sitting and talking.]",jennifer,That damn monkey.,False,False,Central Perk,Central Perk,3,Unknown
,,Unknown,"[Scene: Central Perk, the cast of Friends along with Conan O'Brien are sitting and talking.]",conan,That damn monkey.,False,False,Central Perk,Central Perk,3,Unknown
,,Unknown,"[Scene: Central Perk, the cast of Friends along with Conan O'Brien are sitting and talking.]",rachel,"Okay. Okay, see now the one with the feather boa? That's Dr. Francis. She used to be a man. Oh look! There(Marcel (Katie) jumps away)Okay. (And runs behind her on the back of the couch for a little while.)",False,True,Central Perk,Central Perk,39,Unknown
,,Unknown,"[Scene: Central Perk, the cast of Friends along with Conan O'Brien are sitting and talking.]",jennifer,"Katie. Geez! See Katie, come hereKatie! (Katie spills some popcorn.) Katie, come here Katie. (She obeys and sits where she's supposed to.) Very good.",False,False,Central Perk,Central Perk,24,Unknown
,,Unknown,"[Scene: Central Perk, the cast of Friends along with Conan O'Brien are sitting and talking.]",jennifer,"Lisa's laugh thoughThere'sIt's so infectious. It's one of those thingsjust forget about it. Once it starts, it's all gone.",False,False,Central Perk,Central Perk,21,Unknown
,,Unknown,"[Scene: Central Perk, the cast of Friends along with Conan O'Brien are sitting and talking.]",rachel,"No y'know, I don't want to switch! Come on! I can throw wet paper towels here!",False,True,Central Perk,Central Perk,16,Unknown
,,Unknown,"[Scene: Central Perk, the cast of Friends along with Conan O'Brien are sitting and talking.]",phoebe,Well at Monica's you can eat(Suddenly cracks up.),False,True,Central Perk,Central Perk,8,Unknown
,,Unknown,"[Scene: Central Perk, the cast of Friends along with Conan O'Brien are sitting and talking.]",lisa,"Okay, shh yeah. Cause it's not silly.",False,False,Central Perk,Central Perk,7,Unknown
,,Unknown,"[Scene: Central Perk, the cast of Friends along with Conan O'Brien are sitting and talking.]",jennifer,Okay.,False,False,Central Perk,Central Perk,1,Unknown
,,Unknown,"[Scene: Central Perk, the cast of Friends along with Conan O'Brien are sitting and talking.]",rachel,No-no Ph-Ph-Ph-Ph (She starts laughing.),False,True,Central Perk,Central Perk,5,Unknown
,,Unknown,"[Scene: Central Perk, the cast of Friends along with Conan O'Brien are sitting and talking.]",jennifer,(to Lisa) Ready?,False,False,Central Perk,Central Perk,3,Unknown
,,Unknown,"[Scene: Central Perk, the cast of Friends along with Conan O'Brien are sitting and talking.]",lisa,Yeah.,False,False,Central Perk,Central Perk,1,Unknown
,,Unknown,"[Scene: Central Perk, the cast of Friends along with Conan O'Brien are sitting and talking.]",conan,And then it just builds on itself and there's no doing the scene after. I mean you probably wait and really get it together and do it.,False,False,Central Perk,Central Perk,27,Unknown
,,Unknown,"[Scene: Central Perk, the cast of Friends along with Conan O'Brien are sitting and talking.]",david,"For me, I have a hard time with le Blanc in particular. When-whenI mean when",False,False,Central Perk,Central Perk,15,Unknown
,,Unknown,"[Scene: Central Perk, the cast of Friends along with Conan O'Brien are sitting and talking.]",conan,(to Matt) You bastard.,False,False,Central Perk,Central Perk,4,Unknown
,,Unknown,"[Scene: Central Perk, the cast of Friends along with Conan O'Brien are sitting and talking.]",matt,"Yeah, what did I do?",False,False,Central Perk,Central Perk,5,Unknown
,,Unknown,"[Scene: Central Perk, the cast of Friends along with Conan O'Brien are sitting and talking.]",david,"I keep a straight face he-he delivers like this look, a reaction to you, or a certain take, I-II mean I find it so funny.",False,False,Central Perk,Central Perk,25,Unknown
,,Unknown,"[Scene: Central Perk, the cast of Friends along with Conan O'Brien are sitting and talking.]",joey,Mornin',False,True,Central Perk,Central Perk,1,Unknown
,,Unknown,"[Scene: Central Perk, the cast of Friends along with Conan O'Brien are sitting and talking.]",ross,Mornin',False,True,Central Perk,Central Perk,1,Unknown
,,Unknown,"[Scene: Central Perk, the cast of Friends along with Conan O'Brien are sitting and talking.]",joey,"I mean what kind of an actor, what kind of an actor can't even say, ""Hmm, noodle soup?""",False,True,Central Perk,Central Perk,18,Unknown
,,Unknown,"[Scene: Central Perk, the cast of Friends along with Conan O'Brien are sitting and talking.]",matt,That's a good one? (They both laugh.),False,False,Central Perk,Central Perk,7,Unknown
,,Unknown,"[Scene: Central Perk, the cast of Friends along with Conan O'Brien are sitting and talking.]",david,"Now, we should go back and take the other line.",False,False,Central Perk,Central Perk,10,Unknown
,,Unknown,"[Scene: Central Perk, the cast of Friends along with Conan O'Brien are sitting and talking.]",matt,"Okay, I'll just put a little more booze on there. (Pours some more on.)",False,False,Central Perk,Central Perk,14,Unknown
,,Unknown,"[Scene: Central Perk, the cast of Friends along with Conan O'Brien are sitting and talking.]",ross,"I think, subconsciously",False,True,Central Perk,Central Perk,3,Unknown
,,Unknown,"[Scene: Central Perk, the cast of Friends along with Conan O'Brien are sitting and talking.]",joey,"(cracking up) Nope, you lost me.",False,True,Central Perk,Central Perk,6,Unknown
,,Unknown,"[Scene: Central Perk, the cast of Friends along with Conan O'Brien are sitting and talking.]",david,No! Come on!,False,False,Central Perk,Central Perk,3,Unknown
,,Unknown,"[Scene: Central Perk, the cast of Friends along with Conan O'Brien are sitting and talking.]",joey,"Okay, the next situation is for Rachel. The wedding is about to start you walk into the back room and you find Monica taking a nap with Ross. (Ross lies on the floor.) I'll be Monica. Go! (He jumps down and cuddles up with Ross.)",False,True,Central Perk,Central Perk,45,Unknown
,,Unknown,"[Scene: Central Perk, the cast of Friends along with Conan O'Brien are sitting and talking.]",ross,(jumping up) No! No! No!,False,True,Central Perk,Central Perk,5,Unknown
,,Unknown,"[Scene: Central Perk, the cast of Friends along with Conan O'Brien are sitting and talking.]",conan,"We'll be right back with more Friends, less me.",False,False,Central Perk,Central Perk,9,Unknown
,,Unknown,"[Scene: Central Perk, the cast of Friends along with Conan O'Brien are sitting and talking.]",courtney,I'm doing my brother.,False,False,Central Perk,Central Perk,4,Unknown
,,Unknown,"[Scene: Central Perk, the cast of Friends along with Conan O'Brien are sitting and talking.]",matthew,That'sgross.,False,False,Central Perk,Central Perk,2,Unknown
,,Unknown,"[Scene: Central Perk, the cast of Friends along with Conan O'Brien are sitting and talking.]",conan,"You uh, you've worked withThey always say a performer should never work with pets or children.",False,False,Central Perk,Central Perk,16,Unknown
,,Unknown,"[Scene: Central Perk, the cast of Friends along with Conan O'Brien are sitting and talking.]",jennifer,"Aww, the kids.",False,False,Central Perk,Central Perk,3,Unknown
,,Unknown,"[Scene: Central Perk, the cast of Friends along with Conan O'Brien are sitting and talking.]",rachel,Okay. NowWhat is my first line?,False,True,Central Perk,Central Perk,6,Unknown
,,Unknown,"[Scene: Central Perk, the cast of Friends along with Conan O'Brien are sitting and talking.]",ben,(prompting her) What did we agree?,False,False,Central Perk,Central Perk,6,Unknown
,,Unknown,"[Scene: Central Perk, the cast of Friends along with Conan O'Brien are sitting and talking.]",jennifer,Okay,False,False,Central Perk,Central Perk,1,Unknown
,,Unknown,"[Scene: Central Perk, the cast of Friends along with Conan O'Brien are sitting and talking.]",david,"The good thing about the young kids though, they're completely unpredictable. Which is a lot of fun as an actor to respond with. But there was one story",False,False,Central Perk,Central Perk,28,Unknown
,,Unknown,"[Scene: Central Perk, the cast of Friends along with Conan O'Brien are sitting and talking.]",jennifer,Oh little Ben.,False,False,Central Perk,Central Perk,3,Unknown
,,Unknown,"[Scene: Central Perk, the cast of Friends along with Conan O'Brien are sitting and talking.]",david,"Where the story was that I was anticipating that I would be around to hear my son's first words spoken. But the scene was about that he wasn't supposed to be able to speak and, uh for some reason when we started doing the show",False,False,Central Perk,Central Perk,45,Unknown
,,Unknown,"[Scene: Central Perk, the cast of Friends along with Conan O'Brien are sitting and talking.]",ross,Hi! We're visiting!,False,True,Central Perk,Central Perk,3,Unknown
,,Unknown,"[Scene: Central Perk, the cast of Friends along with Conan O'Brien are sitting and talking.]",rachel,Yay!,False,True,Central Perk,Central Perk,1,Unknown
,,Unknown,"[Scene: Central Perk, the cast of Friends along with Conan O'Brien are sitting and talking.]",ross,"It's Ben and his Da-Da. Da-Da? Can you say Da-Da? Y'know, you might as well say it because I told your",False,True,Central Perk,Central Perk,21,Unknown
,,Unknown,"[Scene: Central Perk, the cast of Friends along with Conan O'Brien are sitting and talking.]",ben,DaDa.,False,False,Central Perk,Central Perk,2,Unknown
,,Unknown,"[Scene: Central Perk, the cast of Friends along with Conan O'Brien are sitting and talking.]",ross,"Can you say Da-Da? See, I'm gonna tell your mommies you said it anyway, so you might as well try",False,True,Central Perk,Central Perk,20,Unknown
,,Unknown,"[Scene: Central Perk, the cast of Friends along with Conan O'Brien are sitting and talking.]",ben,DaDa.,False,False,Central Perk,Central Perk,2,Unknown
,,Unknown,"[Scene: Central Perk, the cast of Friends along with Conan O'Brien are sitting and talking.]",ross,Huh?,False,True,Central Perk,Central Perk,1,Unknown
,,Unknown,"[Scene: Central Perk, the cast of Friends along with Conan O'Brien are sitting and talking.]",ben,DaDa.,False,False,Central Perk,Central Perk,2,Unknown
,,Unknown,"[Scene: Central Perk, the cast of Friends along with Conan O'Brien are sitting and talking.]",david,"Yeah, he's saying Da-Da.",False,False,Central Perk,Central Perk,4,Unknown
,,Unknown,"[Scene: Central Perk, the cast of Friends along with Conan O'Brien are sitting and talking.]",matt,"And then sometimes during the show y'know but you're like, the scene's going one way but you're just tempted to say something another time. Like, do you remember that one where Monica's baking cookies in our old apartment?",False,False,Central Perk,Central Perk,38,Unknown
,,Unknown,"[Scene: Central Perk, the cast of Friends along with Conan O'Brien are sitting and talking.]",jennifer,She's trying to intrigue us to hang out with her.,False,False,Central Perk,Central Perk,10,Unknown
,,Unknown,"[Scene: Central Perk, the cast of Friends along with Conan O'Brien are sitting and talking.]",matt,"Yeah, she's trying to waft the smell across the hall to get us to come hang out in her new place, and we're sitting there eating pizza and I think it was you (Points to Lisa) that said",False,False,Central Perk,Central Perk,38,Unknown
,,Unknown,"[Scene: Central Perk, the cast of Friends along with Conan O'Brien are sitting and talking.]",phoebe,What do I smell?,False,True,Central Perk,Central Perk,4,Unknown
,,Unknown,"[Scene: Central Perk, the cast of Friends along with Conan O'Brien are sitting and talking.]",matt,"I think I was supposed to say, ""I don't know,"" and go over and open the door. And I went",False,False,Central Perk,Central Perk,20,Unknown
,,Unknown,"[Scene: Central Perk, the cast of Friends along with Conan O'Brien are sitting and talking.]",phoebe,What do I smell?,False,True,Central Perk,Central Perk,4,Unknown
,,Unknown,"[Scene: Central Perk, the cast of Friends along with Conan O'Brien are sitting and talking.]",joey,(Pause) Sorry. (Raises his hand in shame.),False,True,Central Perk,Central Perk,7,Unknown
,,Unknown,"[Scene: Central Perk, the cast of Friends along with Conan O'Brien are sitting and talking.]",matt,(everyone laughs) And then it was like four takes later before we could get through it with a straight face.,False,False,Central Perk,Central Perk,20,Unknown
,,Unknown,"[Scene: Central Perk, the cast of Friends along with Conan O'Brien are sitting and talking.]",phoebe,What do I smell?,False,True,Central Perk,Central Perk,4,Unknown
,,Unknown,"[Scene: Central Perk, the cast of Friends along with Conan O'Brien are sitting and talking.]",david,Le Blanc.,False,False,Central Perk,Central Perk,2,Unknown
,,Unknown,"[Scene: Central Perk, the cast of Friends along with Conan O'Brien are sitting and talking.]",phoebe,What do I smell?,False,True,Central Perk,Central Perk,4,Unknown
,,Unknown,"[Scene: Central Perk, the cast of Friends along with Conan O'Brien are sitting and talking.]",joey,"I don't know, but it smells good. (He gets up and heads for the door only to stop short and start laughing.)",False,True,Central Perk,Central Perk,22,Unknown
,,Unknown,"[Scene: Central Perk, the cast of Friends along with Conan O'Brien are sitting and talking.]",conan,But audiencesYou have a live studio audience and they must love that. They must love it when they see you guys playing.,False,False,Central Perk,Central Perk,22,Unknown
,,Unknown,"[Scene: Central Perk, the cast of Friends along with Conan O'Brien are sitting and talking.]",chandler,What are you guys doing?,False,True,Central Perk,Central Perk,5,Unknown
,,Unknown,"[Scene: Central Perk, the cast of Friends along with Conan O'Brien are sitting and talking.]",ross,Nothing.,False,True,Central Perk,Central Perk,1,Unknown
,,Unknown,"[Scene: Central Perk, the cast of Friends along with Conan O'Brien are sitting and talking.]",joey,Nothin'.,False,True,Central Perk,Central Perk,1,Unknown
,,Unknown,"[Scene: Central Perk, the cast of Friends along with Conan O'Brien are sitting and talking.]",conan,So that you will intentionally do something thatthey'll-they'll intentionally screw it up?,False,False,Central Perk,Central Perk,12,Unknown
,,Unknown,"[Scene: Central Perk, the cast of Friends along with Conan O'Brien are sitting and talking.]",courtney,Yeah!,False,False,Central Perk,Central Perk,1,Unknown
,,Unknown,"[Scene: Central Perk, the cast of Friends along with Conan O'Brien are sitting and talking.]",david,Yeah!,False,False,Central Perk,Central Perk,1,Unknown
,,Unknown,"[Scene: Central Perk, the cast of Friends along with Conan O'Brien are sitting and talking.]",matt,(noticing the laughter) Why? What's the matter?,False,False,Central Perk,Central Perk,7,Unknown
,,Unknown,"[Scene: Central Perk, the cast of Friends along with Conan O'Brien are sitting and talking.]",conan,"(to Courtney) You-you've worn a fat suit on the show. And, a lot of people love you in the fat suit. Do you like wearing the fat suit? Is it fun?",False,False,Central Perk,Central Perk,31,Unknown
,,Unknown,"[Scene: Central Perk, the cast of Friends along with Conan O'Brien are sitting and talking.]",courtney,I'm melting!,False,False,Central Perk,Central Perk,2,Unknown
,,Unknown,"[Scene: Central Perk, the cast of Friends along with Conan O'Brien are sitting and talking.]",courtney,"They made me dance, in the fat suit.",False,False,Central Perk,Central Perk,8,Unknown
,,Unknown,"[Scene: Central Perk, the cast of Friends along with Conan O'Brien are sitting and talking.]",conan,"I-I heard some of you guys talking about this earlier, but sometimes there's just a word that someone has to say that you'll get hung up on. And it'll justthe way you say the word is funny to everybody else.",False,False,Central Perk,Central Perk,40,Unknown
,,Unknown,"[Scene: Central Perk, the cast of Friends along with Conan O'Brien are sitting and talking.]",ross,That tastes like feet!,False,True,Central Perk,Central Perk,4,Unknown
,,Unknown,"[Scene: Central Perk, the cast of Friends along with Conan O'Brien are sitting and talking.]",matt,It tastes like (mimicking him in a high-pitched voice) feet!,False,False,Central Perk,Central Perk,10,Unknown
,,Unknown,"[Scene: Central Perk, the cast of Friends along with Conan O'Brien are sitting and talking.]",david,"Okay, we're good.",False,False,Central Perk,Central Perk,3,Unknown
,,Unknown,"[Scene: Central Perk, the cast of Friends along with Conan O'Brien are sitting and talking.]",ross,That tastes like feet!,False,True,Central Perk,Central Perk,4,Unknown
,,Unknown,"[Scene: Central Perk, the cast of Friends along with Conan O'Brien are sitting and talking.]",matt,Sometimes the dialogue itself is just so funny and you'llwe'll be rehearsing during the week and you justwhatever-whatever the joke is; it's so funny we can't get through it in rehearsal and just,False,False,Central Perk,Central Perk,33,Unknown
,,Unknown,"[Scene: Central Perk, the cast of Friends along with Conan O'Brien are sitting and talking.]",jennifer,You just know.,False,False,Central Perk,Central Perk,3,Unknown
,,Unknown,"[Scene: Central Perk, the cast of Friends along with Conan O'Brien are sitting and talking.]",matt,"You-you mentally make a flag on it and you say, ""Okay show night, I'm justI'll never be able to get through this.""",False,False,Central Perk,Central Perk,22,Unknown
,,Unknown,"[Scene: Central Perk, the cast of Friends along with Conan O'Brien are sitting and talking.]",monica,Are you saying that you don't want to get with this?,False,True,Central Perk,Central Perk,11,Unknown
,,Unknown,"[Scene: Central Perk, the cast of Friends along with Conan O'Brien are sitting and talking.]",chandler,"You see, I don't say(Starts laughing.)",False,True,Central Perk,Central Perk,6,Unknown
,,Unknown,"[Scene: Central Perk, the cast of Friends along with Conan O'Brien are sitting and talking.]",phoebe,"(spitting the cookie out onto a napkin) Oh, sweet Je(Beep)sus! Oh! Monica, these are the (laughing) cookies they serve in hell!",False,True,Central Perk,Central Perk,21,Unknown
,,Unknown,"[Scene: Central Perk, the cast of Friends along with Conan O'Brien are sitting and talking.]",chandler,(noticing the woman on the screen) Whoa! She's purty!,False,True,Central Perk,Central Perk,9,Unknown
,,Unknown,"[Scene: Central Perk, the cast of Friends along with Conan O'Brien are sitting and talking.]",joey,"Oh yeah, and she's really nice too! She taught me about y'know, how to work with the cameras and smell-the-fart acting.",False,True,Central Perk,Central Perk,21,Unknown
,,Unknown,"[Scene: Central Perk, the cast of Friends along with Conan O'Brien are sitting and talking.]",monica,Joey?,False,True,Central Perk,Central Perk,1,Unknown
,,Unknown,"[Scene: Central Perk, the cast of Friends along with Conan O'Brien are sitting and talking.]",rachel,I'm sorry,False,True,Central Perk,Central Perk,2,Unknown
,,Unknown,"[Scene: Central Perk, the cast of Friends along with Conan O'Brien are sitting and talking.]",ross,"Excuse me, what?",False,True,Central Perk,Central Perk,3,Unknown
,,Unknown,"[Scene: Central Perk, the cast of Friends along with Conan O'Brien are sitting and talking.]",conan,"When you have to do physical business for a scene, I mean there must be; there must be a lot of funny moments when you have to physically do a task as part of a scene.",False,False,Central Perk,Central Perk,36,Unknown
,,Unknown,"[Scene: Central Perk, the cast of Friends along with Conan O'Brien are sitting and talking.]",david,"Yeah, Rachel, Chandler, and Ross had to try to get a couch up a staira very narrow New York stairwell and that was probablyI-I think it was the hardest I've-I've laughed in my life period.",False,False,Central Perk,Central Perk,36,Unknown
,,Unknown,"[Scene: Central Perk, the cast of Friends along with Conan O'Brien are sitting and talking.]",ross,"Pivot! (They pivot) Pivot! (They pivot) Okay, pivot! Piv-at! (He starts laughing.)",False,True,Central Perk,Central Perk,12,Unknown
,,Unknown,"[Scene: Central Perk, the cast of Friends along with Conan O'Brien are sitting and talking.]",ross,Pivot! Piv-at! Piv-at!!,False,True,Central Perk,Central Perk,3,Unknown
,,Unknown,"[Scene: Central Perk, the cast of Friends along with Conan O'Brien are sitting and talking.]",chandler,Shut up! Shut up! Shut up!!,False,True,Central Perk,Central Perk,6,Unknown
,,Unknown,"[Scene: Central Perk, the cast of Friends along with Conan O'Brien are sitting and talking.]",david,Pivat!! (In a high pitched voice) Pivat!!!,False,False,Central Perk,Central Perk,7,Unknown
,,Unknown,"[Scene: Central Perk, the cast of Friends along with Conan O'Brien are sitting and talking.]",conan,"You've done over 150 episodes, but your favorite moments that 80 years from now you'll be thinking about?",False,False,Central Perk,Central Perk,18,Unknown
,,Unknown,"[Scene: Central Perk, the cast of Friends along with Conan O'Brien are sitting and talking.]",matthew,It is when we're able to crack each other up.,False,False,Central Perk,Central Perk,10,Unknown
,,Unknown,"[Scene: Central Perk, the cast of Friends along with Conan O'Brien are sitting and talking.]",chandler,Monica's gotta have the phone in the right place and(Frantic babbling.),False,True,Central Perk,Central Perk,11,Unknown
,,Unknown,"[Scene: Central Perk, the cast of Friends along with Conan O'Brien are sitting and talking.]",ross,(To Chandler) All right! All right! All right! (To Joey) We are fixing it.,False,True,Central Perk,Central Perk,14,Unknown
,,Unknown,"[Scene: Central Perk, the cast of Friends along with Conan O'Brien are sitting and talking.]",david,He's gone. He's,False,False,Central Perk,Central Perk,3,Unknown
,,Unknown,"[Scene: Central Perk, the cast of Friends along with Conan O'Brien are sitting and talking.]",david,"We enjoy watching each other. And I settle for watching each other's performance, and we like each other.",False,False,Central Perk,Central Perk,18,Unknown
,,Unknown,"[Scene: Central Perk, the cast of Friends along with Conan O'Brien are sitting and talking.]",ross,"Oh the band's ready! And wellI-Iwe gotta do what the band says, right? I don't care about the stinkin' band!!",False,True,Central Perk,Central Perk,20,Unknown
,,Unknown,"[Scene: Central Perk, the cast of Friends along with Conan O'Brien are sitting and talking.]",conan,"Okay Friends gang, thanks for doing it.",False,False,Central Perk,Central Perk,7,Unknown
,,Unknown,"[Scene: Central Perk, the cast of Friends along with Conan O'Brien are sitting and talking.]",david,Well thank you so much.,False,False,Central Perk,Central Perk,5,Unknown
,,Unknown,"[Scene: Central Perk, the cast of Friends along with Conan O'Brien are sitting and talking.]",jennifer,Thank you Conan!,False,False,Central Perk,Central Perk,3,Unknown
,,Unknown,"[Scene: Central Perk, the cast of Friends along with Conan O'Brien are sitting and talking.]",matthew,"Well thank for coming here, it's good to see you.",False,False,Central Perk,Central Perk,10,Unknown
,,Unknown,"[Scene: Central Perk, the cast of Friends along with Conan O'Brien are sitting and talking.]",phoebe,Thank you my babies. (Waves good-bye.),False,True,Central Perk,Central Perk,6,Unknown
,,Unknown,"[Scene: Central Perk, the cast of Friends along with Conan O'Brien are sitting and talking.]",monica,Oh what are doing?!,False,True,Central Perk,Central Perk,4,Unknown
,,Unknown,"[Scene: Central Perk, the cast of Friends along with Conan O'Brien are sitting and talking.]",joey,You're still a tiny bit on fire there!,False,True,Central Perk,Central Perk,8,Unknown
,,Unknown,"[Scene: Central Perk, the cast of Friends along with Conan O'Brien are sitting and talking.]",monica,I think you got it!,False,True,Central Perk,Central Perk,5,Unknown
,,Unknown,"[Scene: Central Perk, the cast of Friends along with Conan O'Brien are sitting and talking.]",courtney,"I'm sorry, I messed up.",False,False,Central Perk,Central Perk,5,Unknown
,,Unknown,"[Scene: Central Perk, the cast of Friends along with Conan O'Brien are sitting and talking.]",matt,I'll do it again and again if you want.,False,False,Central Perk,Central Perk,9,Unknown
,,Unknown,"[Scene: Central Perk, the cast of Friends along with Conan O'Brien are sitting and talking.]",ross,"No-no! I'll-I'll (He takes too much and some falls out of his mouth, which starts him laughing.)",False,True,Central Perk,Central Perk,17,Unknown
,,Unknown,"[Scene: Central Perk, the cast of Friends along with Conan O'Brien are sitting and talking.]",david,That is too much!,False,False,Central Perk,Central Perk,4,Unknown
,,Unknown,"[Scene: Central Perk, the cast of Friends along with Conan O'Brien are sitting and talking.]",matthew,Let me start that again.,False,False,Central Perk,Central Perk,5,Unknown
