Character,Season,emotion,line_count
chandler,1,anger,85
chandler,1,disgust,83
chandler,1,fear,24
chandler,1,joy,72
chandler,1,neutral,326
chandler,1,sadness,28
chandler,1,surprise,199
chandler,2,anger,20
chandler,2,disgust,21
chandler,2,joy,10
chandler,2,neutral,75
chandler,2,sadness,9
chandler,2,surprise,35
chandler,3,anger,118
chandler,3,disgust,97
chandler,3,fear,36
chandler,3,joy,90
chandler,3,neutral,315
chandler,3,sadness,29
chandler,3,surprise,140
chandler,4,anger,157
chandler,4,disgust,76
chandler,4,fear,27
chandler,4,joy,104
chandler,4,neutral,302
chandler,4,sadness,32
chandler,4,surprise,214
chandler,5,anger,146
chandler,5,disgust,79
chandler,5,fear,16
chandler,5,joy,131
chandler,5,neutral,297
chandler,5,sadness,33
chandler,5,surprise,239
chandler,6,anger,151
chandler,6,disgust,86
chandler,6,fear,35
chandler,6,joy,143
chandler,6,neutral,339
chandler,6,sadness,41
chandler,6,surprise,241
chandler,7,anger,131
chandler,7,disgust,69
chandler,7,fear,32
chandler,7,joy,99
chandler,7,neutral,261
chandler,7,sadness,36
chandler,7,surprise,219
chandler,8,anger,70
chandler,8,disgust,67
chandler,8,fear,20
chandler,8,joy,78
chandler,8,neutral,210
chandler,8,sadness,20
chandler,8,surprise,208
chandler,9,anger,107
chandler,9,disgust,69
chandler,9,fear,22
chandler,9,joy,102
chandler,9,neutral,282
chandler,9,sadness,47
chandler,9,surprise,235
chandler,10,anger,86
chandler,10,disgust,42
chandler,10,fear,16
chandler,10,joy,89
chandler,10,neutral,250
chandler,10,sadness,33
chandler,10,surprise,171
joey,1,anger,81
joey,1,disgust,73
joey,1,fear,7
joey,1,joy,49
joey,1,neutral,242
joey,1,sadness,22
joey,1,surprise,166
joey,2,anger,14
joey,2,disgust,23
joey,2,fear,5
joey,2,joy,6
joey,2,neutral,82
joey,2,sadness,9
joey,2,surprise,33
joey,3,anger,79
joey,3,disgust,88
joey,3,fear,17
joey,3,joy,110
joey,3,neutral,275
joey,3,sadness,23
joey,3,surprise,183
joey,4,anger,137
joey,4,disgust,75
joey,4,fear,20
joey,4,joy,116
joey,4,neutral,235
joey,4,sadness,21
joey,4,surprise,212
joey,5,anger,170
joey,5,disgust,93
joey,5,fear,15
joey,5,joy,148
joey,5,neutral,213
joey,5,sadness,39
joey,5,surprise,254
joey,6,anger,139
joey,6,disgust,91
joey,6,fear,18
joey,6,joy,168
joey,6,neutral,221
joey,6,sadness,33
joey,6,surprise,237
joey,7,anger,164
joey,7,disgust,67
joey,7,fear,28
joey,7,joy,151
joey,7,neutral,247
joey,7,sadness,23
joey,7,surprise,250
joey,8,anger,128
joey,8,disgust,83
joey,8,fear,34
joey,8,joy,127
joey,8,neutral,274
joey,8,sadness,24
joey,8,surprise,239
joey,9,anger,105
joey,9,disgust,64
joey,9,fear,20
joey,9,joy,110
joey,9,neutral,230
joey,9,sadness,45
joey,9,surprise,215
joey,10,anger,100
joey,10,disgust,55
joey,10,fear,21
joey,10,joy,107
joey,10,neutral,236
joey,10,sadness,31
joey,10,surprise,179
monica,1,anger,110
monica,1,disgust,69
monica,1,fear,7
monica,1,joy,63
monica,1,neutral,345
monica,1,sadness,32
monica,1,surprise,246
monica,2,anger,17
monica,2,disgust,23
monica,2,fear,9
monica,2,joy,19
monica,2,neutral,107
monica,2,sadness,15
monica,2,surprise,53
monica,3,anger,93
monica,3,disgust,69
monica,3,fear,19
monica,3,joy,85
monica,3,neutral,314
monica,3,sadness,36
monica,3,surprise,231
monica,4,anger,113
monica,4,disgust,73
monica,4,fear,16
monica,4,joy,104
monica,4,neutral,226
monica,4,sadness,28
monica,4,surprise,206
monica,5,anger,153
monica,5,disgust,77
monica,5,fear,18
monica,5,joy,133
monica,5,neutral,238
monica,5,sadness,29
monica,5,surprise,250
monica,6,anger,156
monica,6,disgust,89
monica,6,fear,21
monica,6,joy,119
monica,6,neutral,236
monica,6,sadness,38
monica,6,surprise,241
monica,7,anger,138
monica,7,disgust,61
monica,7,fear,11
monica,7,joy,117
monica,7,neutral,261
monica,7,sadness,33
monica,7,surprise,279
monica,8,anger,123
monica,8,disgust,70
monica,8,fear,18
monica,8,joy,94
monica,8,neutral,241
monica,8,sadness,28
monica,8,surprise,238
monica,9,anger,118
monica,9,disgust,59
monica,9,fear,13
monica,9,joy,125
monica,9,neutral,250
monica,9,sadness,35
monica,9,surprise,244
monica,10,anger,70
monica,10,disgust,55
monica,10,fear,13
monica,10,joy,91
monica,10,neutral,216
monica,10,sadness,34
monica,10,surprise,204
phoebe,1,anger,61
phoebe,1,disgust,77
phoebe,1,fear,13
phoebe,1,joy,65
phoebe,1,neutral,246
phoebe,1,sadness,19
phoebe,1,surprise,156
phoebe,2,anger,15
phoebe,2,disgust,19
phoebe,2,fear,3
phoebe,2,joy,11
phoebe,2,neutral,47
phoebe,2,sadness,7
phoebe,2,surprise,34
phoebe,3,anger,92
phoebe,3,disgust,80
phoebe,3,fear,32
phoebe,3,joy,85
phoebe,3,neutral,295
phoebe,3,sadness,28
phoebe,3,surprise,181
phoebe,4,anger,86
phoebe,4,disgust,85
phoebe,4,fear,18
phoebe,4,joy,115
phoebe,4,neutral,193
phoebe,4,sadness,31
phoebe,4,surprise,183
phoebe,5,anger,132
phoebe,5,disgust,88
phoebe,5,fear,20
phoebe,5,joy,132
phoebe,5,neutral,206
phoebe,5,sadness,31
phoebe,5,surprise,204
phoebe,6,anger,123
phoebe,6,disgust,87
phoebe,6,fear,20
phoebe,6,joy,103
phoebe,6,neutral,234
phoebe,6,sadness,22
phoebe,6,surprise,198
phoebe,7,anger,118
phoebe,7,disgust,70
phoebe,7,fear,23
phoebe,7,joy,111
phoebe,7,neutral,220
phoebe,7,sadness,23
phoebe,7,surprise,235
phoebe,8,anger,98
phoebe,8,disgust,76
phoebe,8,fear,21
phoebe,8,joy,102
phoebe,8,neutral,242
phoebe,8,sadness,35
phoebe,8,surprise,197
phoebe,9,anger,90
phoebe,9,disgust,47
phoebe,9,fear,19
phoebe,9,joy,100
phoebe,9,neutral,227
phoebe,9,sadness,50
phoebe,9,surprise,198
phoebe,10,anger,77
phoebe,10,disgust,52
phoebe,10,fear,14
phoebe,10,joy,112
phoebe,10,neutral,230
phoebe,10,sadness,30
phoebe,10,surprise,172
rachel,1,anger,78
rachel,1,disgust,60
rachel,1,fear,17
rachel,1,joy,73
rachel,1,neutral,317
rachel,1,sadness,45
rachel,1,surprise,260
rachel,2,anger,17
rachel,2,disgust,18
rachel,2,fear,3
rachel,2,joy,17
rachel,2,neutral,63
rachel,2,sadness,4
rachel,2,surprise,55
rachel,3,anger,116
rachel,3,disgust,87
rachel,3,fear,11
rachel,3,joy,98
rachel,3,neutral,321
rachel,3,sadness,49
rachel,3,surprise,243
rachel,4,anger,129
rachel,4,disgust,79
rachel,4,fear,21
rachel,4,joy,116
rachel,4,neutral,261
rachel,4,sadness,42
rachel,4,surprise,260
rachel,5,anger,153
rachel,5,disgust,89
rachel,5,fear,26
rachel,5,joy,153
rachel,5,neutral,225
rachel,5,sadness,28
rachel,5,surprise,232
rachel,6,anger,128
rachel,6,disgust,82
rachel,6,fear,25
rachel,6,joy,146
rachel,6,neutral,267
rachel,6,sadness,37
rachel,6,surprise,308
rachel,7,anger,161
rachel,7,disgust,78
rachel,7,fear,42
rachel,7,joy,137
rachel,7,neutral,292
rachel,7,sadness,45
rachel,7,surprise,337
rachel,8,anger,160
rachel,8,disgust,92
rachel,8,fear,23
rachel,8,joy,140
rachel,8,neutral,303
rachel,8,sadness,51
rachel,8,surprise,314
rachel,9,anger,95
rachel,9,disgust,67
rachel,9,fear,23
rachel,9,joy,108
rachel,9,neutral,250
rachel,9,sadness,35
rachel,9,surprise,279
rachel,10,anger,81
rachel,10,disgust,48
rachel,10,fear,14
rachel,10,joy,106
rachel,10,neutral,235
rachel,10,sadness,44
rachel,10,surprise,239
ross,1,anger,94
ross,1,disgust,94
ross,1,fear,33
ross,1,joy,70
ross,1,neutral,427
ross,1,sadness,36
ross,1,surprise,198
ross,2,anger,31
ross,2,disgust,32
ross,2,fear,5
ross,2,joy,26
ross,2,neutral,117
ross,2,sadness,8
ross,2,surprise,59
ross,3,anger,148
ross,3,disgust,103
ross,3,fear,21
ross,3,joy,108
ross,3,neutral,391
ross,3,sadness,55
ross,3,surprise,249
ross,4,anger,87
ross,4,disgust,55
ross,4,fear,22
ross,4,joy,139
ross,4,neutral,275
ross,4,sadness,28
ross,4,surprise,201
ross,5,anger,134
ross,5,disgust,86
ross,5,fear,24
ross,5,joy,117
ross,5,neutral,240
ross,5,sadness,47
ross,5,surprise,222
ross,6,anger,139
ross,6,disgust,76
ross,6,fear,24
ross,6,joy,142
ross,6,neutral,247
ross,6,sadness,26
ross,6,surprise,258
ross,7,anger,136
ross,7,disgust,55
ross,7,fear,28
ross,7,joy,104
ross,7,neutral,233
ross,7,sadness,29
ross,7,surprise,237
ross,8,anger,124
ross,8,disgust,70
ross,8,fear,39
ross,8,joy,137
ross,8,neutral,319
ross,8,sadness,39
ross,8,surprise,255
ross,9,anger,89
ross,9,disgust,49
ross,9,fear,21
ross,9,joy,98
ross,9,neutral,278
ross,9,sadness,45
ross,9,surprise,261
ross,10,anger,102
ross,10,disgust,59
ross,10,fear,19
ross,10,joy,135
ross,10,neutral,263
ross,10,sadness,33
ross,10,surprise,252
